id,name,lat,lon,type
1339,Cunapiru,20.000000000000000,-55.584167000000001,EstAut
1963,E.M. Bonete,-32.833333000000003,-56.423333000000000,EstAut
2206,E.M. Durazno,-33.351056000000000,-56.502000000000002,EstAut
2145,E.M. Mercedes,-33.250416999999999,-58.068610999999997,EstAut
1915,E.M. Paso de los Toros,-32.798693999999998,-56.528832999999999,EstAut
1697,Laguna II,-32.344028000000002,-55.464250000000000,EstAut
1338,Manuel diaz,-31.528027999999999,-55.684333000000002,EstAut
1658,Paso Aguiar,-32.285055999999997,-54.841000000000001,EstAut
1613,Paso de las Toscas,-32.156860999999999,-55.026305999999998,EstAut
2153,Paso de Lugo,-33.253222000000001,-57.260083000000002,EstAut
1653,Paso Laguna,-32.250360999999998,-55.422083000000001,EstAut
1617,Paso Mazangano,-32.107332999999997,-54.674222000000000,EstAut
1743,Paso Pereira,-32.443472000000000,-55.226250000000000,EstAut
1526,Picada de Coelho,-32.039444000000003,-55.360694000000002,EstAut
2257,Polanco del Yi,-33.390889000000001,-56.156306000000001,EstAut
1819,Salsipuedes,-32.647778000000002,-56.592111000000003,EstAut
1826,San Gregorio,-32.620610999999997,-55.829166999999998,EstAut
2215,Sarandi del Yi,-33.333111000000002,-55.621000000000002,EstAut
2237,Villa Soriano,-33.390889000000001,-58.318111000000002,EstAut
